{"cameraMode":{"drawMode":0,"name":"Shaded","section":"Shading Mode"},"sceneLighting":true,"audioPlay":false,"sceneViewState":{"showFog":false,"showMaterialUpdate":false,"showSkybox":true,"showFlares":false,"showImageEffects":false,"showParticleSystems":false},"in2DMode":false,"pivot":{"x":4.969959259033203,"y":1.536013126373291,"z":3.2227115631103517},"rotation":{"x":0.017276309430599214,"y":0.21487438678741456,"z":0.0038013786543160679,"w":-0.9764825701713562},"size":3.944270133972168,"orthographic":false}